0	837eb2b4-7933-475a-ac74-81319dcde889	2024-11-24 16:00:05	test message 0
1	51e0a58f-a571-4fd2-8d87-fedf7871d543	2024-11-24 16:00:07	test message 1
2	7f98c297-7a93-4e56-934b-2e04574f23c8	2024-11-24 16:00:09	test message 2
3	8caf848f-e1a7-4f38-aad8-40dba828999e	2024-11-24 16:00:11	test message 3
4	db8afdac-f395-4645-b9de-a65d36dd41e0	2024-11-24 16:00:13	test message 4
5	61303207-371e-47fb-b060-45eb96fd2f06	2024-11-24 16:00:15	test message 5
6	7a3e0fc3-d09e-4af0-8e6f-12a79219662d	2024-11-24 16:00:17	test message 6
7	8eaefc3a-ce44-49e4-a6bc-ecb98dc16f1d	2024-11-24 16:00:19	test message 7
8	0a8cb3b8-2d4d-4f84-bc8d-9c71366ab032	2024-11-24 16:00:21	test message 8
9	8854391a-9e32-4b6d-b36d-78ec201309ca	2024-11-24 16:00:23	test message 9
10	27b2f3c7-543f-4b61-a52a-b3fe6492f059	2024-11-24 16:00:25	test message 10
11	badc87e1-4466-434d-b990-9688406d700b	2024-11-24 16:00:27	test message 11
12	c8419d72-38d0-4992-949e-f4336569a235	2024-11-24 16:00:30	test message 12
13	bb675152-5ec9-4b4b-b9f0-c497c1303417	2024-11-24 16:00:32	test message 13
14	ab703306-0bbc-4eef-af5e-b348707c9335	2024-11-24 16:00:34	test message 14
15	470bd911-7ee4-47aa-a843-9b6f0c5bbfcc	2024-11-24 16:00:36	test message 15
16	aaeded89-17fd-4393-83d8-29b74d34c725	2024-11-24 16:00:38	test message 16
17	31871d72-0bbb-4254-bb09-9a69c8c5032c	2024-11-24 16:00:40	test message 17
18	27744a35-acbe-43aa-a375-4111820912db	2024-11-24 16:00:42	test message 18
19	20822f34-1ab0-49de-93df-db0aa450d0de	2024-11-24 16:00:44	test message 19
20	133ad1dd-5a41-4566-9325-ff5598915109	2024-11-24 16:00:46	test message 20
21	bdf9715f-c9c6-4e94-8117-f41bb6b2b36d	2024-11-24 16:00:48	test message 21
22	36025273-969f-4e22-8863-e8b8b3d8fed3	2024-11-24 16:00:50	test message 22
23	44345e7d-9c9f-4628-af56-ab04a3163f59	2024-11-24 16:00:52	test message 23
24	dee06d39-2030-4d8a-8312-173f22bb921e	2024-11-24 16:00:54	test message 24
25	83345f3f-9628-4ef7-9627-f1f5b4462b8f	2024-11-24 16:00:56	test message 25
26	c5be9cdb-b45d-4d64-8df4-bc3cf7a3b8ec	2024-11-24 16:00:58	test message 26
27	b993c6fc-5af1-49b3-9edc-ba67e8d7193f	2024-11-24 16:01:00	test message 27
28	647ab5a7-1f76-401c-8edf-a0fbb8768901	2024-11-24 16:01:02	test message 28
29	f6cfae96-ff56-4086-aa9f-053a13832037	2024-11-24 16:01:04	test message 29
30	f8c9df4d-5cfe-49f5-90a0-56eeecbfa5e9	2024-11-24 16:01:06	test message 30
31	45e5ea8f-4565-49fa-8b61-5f001be462ff	2024-11-24 16:01:08	test message 31
32	6032e711-1f0f-42fe-8fe4-9f64baed0328	2024-11-24 16:01:10	test message 32
33	e8970cc8-0f49-459c-9c9d-8d1c9fab2b71	2024-11-24 16:01:12	test message 33
34	25488820-a1df-479c-9433-62547aafabf1	2024-11-24 16:01:14	test message 34
35	2faa8fe6-4ebe-4d0d-9e4f-589dcb88669c	2024-11-24 16:01:16	test message 35
36	488a4ad9-db7e-4fec-abc4-be9a6b6f33c0	2024-11-24 16:01:18	test message 36
37	3b02981c-65a9-4f4f-9d7f-f47925e00fbb	2024-11-24 16:01:20	test message 37
38	5bf3726b-ca00-436f-ab03-c73a4bf5a86a	2024-11-24 16:01:22	test message 38
39	56cbc134-3fcf-4077-9d47-8f8901989e47	2024-11-24 16:01:24	test message 39
40	15c77e70-7706-43fb-abb6-3d9ae04891dd	2024-11-24 16:01:26	test message 40
41	61902c70-f2d3-4b40-9924-feb453383d06	2024-11-24 16:01:29	test message 41
42	6bda6078-3a80-461f-9e9c-ce55e9ffaf26	2024-11-24 16:01:31	test message 42
43	5ed0e9b3-ebfe-4b59-aad1-53a19c27f898	2024-11-24 16:01:33	test message 43
44	f7017f74-a080-4e73-b001-6aa8dc9409c2	2024-11-24 16:01:35	test message 44
45	4ca19805-f8bb-4ec3-aea3-32d9ec2cc321	2024-11-24 16:01:37	test message 45
46	caeffba6-a89c-4799-88d8-543a096f0176	2024-11-24 16:01:39	test message 46
47	59d0b0b0-ac7d-4c69-a499-af78be704d4c	2024-11-24 16:01:41	test message 47
48	306b13fc-0659-436c-b7ff-ed480c7ddf47	2024-11-24 16:01:43	test message 48
49	2279be8e-f3e5-4162-8157-ec1907cbeffe	2024-11-24 16:01:45	test message 49
50	690b3afa-3423-4089-853e-b008dac4c461	2024-11-24 16:01:47	test message 50
51	ddbc19cb-c0a5-4783-a0d5-ddaad422d733	2024-11-24 16:01:49	test message 51
52	e864b0a8-2371-4c11-84cb-e00a9fa0e255	2024-11-24 16:01:51	test message 52
53	4d3d9a43-6502-4b2c-be05-3ad1588f1b6c	2024-11-24 16:01:53	test message 53
54	e52f9727-615a-4b6a-8747-937b9d7ba8ce	2024-11-24 16:01:55	test message 54
55	95ced04f-3bea-40b8-8259-7d13e5e6511b	2024-11-24 16:01:57	test message 55
56	502021c4-da8e-474d-8c03-9c602c021487	2024-11-24 16:01:59	test message 56
57	75570b82-4dc1-43c2-afd0-ad5f8c147085	2024-11-24 16:02:01	test message 57
58	2551e0dc-110a-4d66-81e4-77b0ed07f212	2024-11-24 16:02:03	test message 58
59	d1b76cbb-3f34-4613-b84b-80207d7e78d4	2024-11-24 16:02:05	test message 59
60	5c3bc0c0-a8f4-4a33-94b5-3ec554cf4e34	2024-11-24 16:02:07	test message 60
