5ce78b9e-3bd1-47c1-90a9-d73e174c5a57	2024-11-24 15:24:47	"2024-11-24 15:24:42"	"test message 0"
422526b2-860a-4f1a-9474-d86bb34a1ef5	2024-11-24 15:24:47	"2024-11-24 15:24:44"	"test message 1"
d12bce1d-0fdc-4bbf-806a-40c9752e7ec4	2024-11-24 15:24:47	"2024-11-24 15:24:46"	"test message 2"
408c8e16-5a92-4c88-a9c6-8a56410d107f	2024-11-24 15:24:52	"2024-11-24 15:24:48"	"test message 3"
181a7ca1-7176-4bc0-b01c-444f6cafbe8e	2024-11-24 15:24:52	"2024-11-24 15:24:50"	"test message 4"
a4407cc1-7380-45d8-9b23-544fc557ca58	2024-11-24 15:24:57	"2024-11-24 15:24:52"	"test message 5"
bf9365ba-ae9e-449b-b443-4b50aedb7876	2024-11-24 15:24:57	"2024-11-24 15:24:54"	"test message 6"
10e90e74-c69b-4223-beb5-4eb6dbc16d9d	2024-11-24 15:24:57	"2024-11-24 15:24:56"	"test message 7"
8242f4ee-e0b0-4e76-b41e-b149cc82b22b	2024-11-24 15:25:02	"2024-11-24 15:24:58"	"test message 8"
77ca6cab-798a-4a50-b7b0-d415191cbcb8	2024-11-24 15:25:02	"2024-11-24 15:25:00"	"test message 9"
2417159d-88b2-4761-936a-c8257930de87	2024-11-24 15:25:07	"2024-11-24 15:25:02"	"test message 10"
8e00d301-697d-43e9-9b80-989f5a59a542	2024-11-24 15:25:07	"2024-11-24 15:25:04"	"test message 11"
d32bc4e5-355e-422d-b259-c24e696a07c9	2024-11-24 15:25:07	"2024-11-24 15:25:07"	"test message 12"
9c148590-a4b8-4cb0-b57f-7cdef9148dc5	2024-11-24 15:25:12	"2024-11-24 15:25:09"	"test message 13"
a0e5bebc-f9a6-4900-8e45-2be8ec71307c	2024-11-24 15:25:12	"2024-11-24 15:25:11"	"test message 14"
563f6e90-b1ff-4ff0-b60c-8b9bb5d11caf	2024-11-24 15:25:18	"2024-11-24 15:25:13"	"test message 15"
807113b5-595a-4d91-9b3b-7d593eafb088	2024-11-24 15:25:18	"2024-11-24 15:25:15"	"test message 16"
9db8f14c-b945-4a09-976b-7ec1fbcbbd31	2024-11-24 15:25:18	"2024-11-24 15:25:17"	"test message 17"
434a05e7-7630-4732-ac18-135b86da2cca	2024-11-24 15:25:23	"2024-11-24 15:25:19"	"test message 18"
7116ba0d-cdd0-432c-960e-0ede1f1ac132	2024-11-24 15:25:23	"2024-11-24 15:25:21"	"test message 19"
57b505c3-259f-4a82-9cb6-69af43fc4972	2024-11-24 15:25:28	"2024-11-24 15:25:23"	"test message 20"
a429df45-c333-4758-a6a3-07aef02a3993	2024-11-24 15:25:28	"2024-11-24 15:25:25"	"test message 21"
3af56adc-8d85-425a-a42f-d8ccc2b1eef7	2024-11-24 15:25:28	"2024-11-24 15:25:27"	"test message 22"
bbf1d0d8-a197-4473-ac63-848781109d44	2024-11-24 15:25:33	"2024-11-24 15:25:29"	"test message 23"
79eb8f1a-5f90-4f89-99c3-7989101a674c	2024-11-24 15:25:33	"2024-11-24 15:25:31"	"test message 24"
85630ed1-b140-4ef2-b5d7-e4fc646af513	2024-11-24 15:25:38	"2024-11-24 15:25:33"	"test message 25"
6b212310-7f8c-4705-bf3c-e672ce2b36fb	2024-11-24 15:25:38	"2024-11-24 15:25:35"	"test message 26"
688518db-8e92-4846-bef3-f60303d5782f	2024-11-24 15:25:38	"2024-11-24 15:25:37"	"test message 27"
dcfc539c-6d50-49be-9dde-b2e55095fc5b	2024-11-24 15:25:43	"2024-11-24 15:25:39"	"test message 28"
c38cde8e-0c77-48ef-888e-b0a5c3e1bdbe	2024-11-24 15:25:43	"2024-11-24 15:25:41"	"test message 29"
d3710f8a-6b12-4582-ba33-d4b6611eb17b	2024-11-24 15:25:48	"2024-11-24 15:25:43"	"test message 30"
34a8badc-179e-446e-bc78-0453e20ae937	2024-11-24 15:25:48	"2024-11-24 15:25:46"	"test message 31"
a2dfc512-cc41-4bb8-8ed7-a92eb010a5f0	2024-11-24 15:25:48	"2024-11-24 15:25:48"	"test message 32"
bc65be26-05f5-4299-b063-dc1d2f0ffedc	2024-11-24 15:25:53	"2024-11-24 15:25:50"	"test message 33"
eccc3931-0a0d-4f9d-92c8-782a4ffb0e02	2024-11-24 15:25:53	"2024-11-24 15:25:52"	"test message 34"
31570ec8-ad27-451f-b209-1ccf044a7e1f	2024-11-24 15:25:59	"2024-11-24 15:25:54"	"test message 35"
0ff16ea4-81a8-4eea-aa66-6f00a99ba6a8	2024-11-24 15:25:59	"2024-11-24 15:25:56"	"test message 36"
4a7c707d-8aa6-41bf-a894-c7735cc4421e	2024-11-24 15:25:59	"2024-11-24 15:25:58"	"test message 37"
d175c39b-2864-4ede-beab-17c67707d449	2024-11-24 15:26:04	"2024-11-24 15:26:00"	"test message 38"
4f501145-f56b-47db-969c-41bda5d2bc88	2024-11-24 15:26:04	"2024-11-24 15:26:02"	"test message 39"
059bcc9f-a57d-4128-bcfc-f93bf8d21e97	2024-11-24 15:26:09	"2024-11-24 15:26:04"	"test message 40"
556b04cb-8baa-4201-aee1-5696fae4df42	2024-11-24 15:26:09	"2024-11-24 15:26:06"	"test message 41"
ceb255b6-d918-40a1-8f4c-b63fc48f48d7	2024-11-24 15:26:09	"2024-11-24 15:26:08"	"test message 42"
72949670-0b5d-4365-8184-815df58d9368	2024-11-24 15:26:14	"2024-11-24 15:26:10"	"test message 43"
ec63802f-c440-4c4f-bb5d-6b6e013a7e9b	2024-11-24 15:26:14	"2024-11-24 15:26:12"	"test message 44"
ef03996b-193d-4516-bf3a-4f551539b156	2024-11-24 15:26:24	"2024-11-24 15:26:20"	"test message 48"
f52d96ae-44e5-4d08-b3b0-1f7be9889643	2024-11-24 15:26:24	"2024-11-24 15:26:22"	"test message 49"
7f3b1cbf-6684-4436-97ca-0a8034f70d4b	2024-11-24 15:26:29	"2024-11-24 15:26:24"	"test message 50"
3ef6ead9-fc2f-4b63-b285-173ea315f5d9	2024-11-24 15:26:29	"2024-11-24 15:26:26"	"test message 51"
5e3d445f-048e-4370-a081-6a2f08a8c9cf	2024-11-24 15:26:29	"2024-11-24 15:26:29"	"test message 52"
9914a42b-4695-4963-976c-497c374555bc	2024-11-24 15:26:34	"2024-11-24 15:26:31"	"test message 53"
5ba8ba54-c263-483c-814f-1f842451339a	2024-11-24 15:26:34	"2024-11-24 15:26:33"	"test message 54"
1b59d74a-5172-44ea-8351-a138db233a1f	2024-11-24 15:26:44	"2024-11-24 15:26:41"	"test message 58"
7b5784fd-899d-4818-9efb-4545debb4587	2024-11-24 15:26:44	"2024-11-24 15:26:43"	"test message 59"
50119dde-27c8-4fe0-badd-55f4410cfa66	2024-11-24 15:26:49	"2024-11-24 15:26:45"	"test message 60"
d138f45b-dd22-4a8c-8fef-138481f05c9a	2024-11-24 15:26:49	"2024-11-24 15:26:47"	"test message 61"
8cc4f968-b04c-4628-81a7-259f73d9cdc0	2024-11-24 15:26:49	"2024-11-24 15:26:49"	"test message 62"
9053561b-0326-4861-830f-7dc40c412995	2024-11-24 15:26:55	"2024-11-24 15:26:51"	"test message 63"
5b6def6d-130c-4c47-9eb6-53e1a1468f5b	2024-11-24 15:26:55	"2024-11-24 15:26:53"	"test message 64"
fe828c76-d36c-4274-a6c8-414142b346f6	2024-11-24 15:27:00	"2024-11-24 15:26:55"	"test message 65"
fc2f03ca-1359-48cb-9de7-390c624341e6	2024-11-24 15:27:00	"2024-11-24 15:26:57"	"test message 66"
c9614c25-1428-4ea1-b9db-5ea8590e5db4	2024-11-24 15:27:00	"2024-11-24 15:26:59"	"test message 67"
19482f64-5ab4-4fe6-bf79-4fe9978c3fc8	2024-11-24 15:27:05	"2024-11-24 15:27:01"	"test message 68"
766ff406-d0eb-44fb-ae8b-2f6f7d81e31d	2024-11-24 15:27:05	"2024-11-24 15:27:03"	"test message 69"
f2cac7fe-dc1e-49f7-9b63-fa0d1375a533	2024-11-24 15:27:10	"2024-11-24 15:27:05"	"test message 70"
200d2e0e-a0b5-4b6b-9e71-3d7a94d9e34e	2024-11-24 15:27:10	"2024-11-24 15:27:07"	"test message 71"
2a15ace7-0ea2-4a8d-bf96-4f7fd558e3a7	2024-11-24 15:27:10	"2024-11-24 15:27:09"	"test message 72"
8a414135-c9df-4c2f-961a-37c978304f7b	2024-11-24 15:27:15	"2024-11-24 15:27:11"	"test message 73"
ee69615f-ed90-495f-b175-994a07ed6679	2024-11-24 15:27:15	"2024-11-24 15:27:13"	"test message 74"
82cf4546-61fb-4a0a-8512-717b3a8e8ef6	2024-11-24 15:27:20	"2024-11-24 15:27:16"	"test message 75"
3fb439ef-5bc3-4907-b30f-e724b9955162	2024-11-24 15:27:20	"2024-11-24 15:27:18"	"test message 76"
7f677b22-52b1-4daf-a5ec-58498cbcff55	2024-11-24 15:27:20	"2024-11-24 15:27:20"	"test message 77"
d7e99a23-4109-464b-9208-89e338db1670	2024-11-24 15:27:25	"2024-11-24 15:27:22"	"test message 78"
de5153e7-d532-4f8f-b39b-0942e6995fa4	2024-11-24 15:27:25	"2024-11-24 15:27:24"	"test message 79"
301e7e3a-8306-4dd3-b568-19b626360248	2024-11-24 15:27:30	"2024-11-24 15:27:26"	"test message 80"
25598fbc-6f5e-4b24-9c5c-fc36a630c2f6	2024-11-24 15:27:30	"2024-11-24 15:27:28"	"test message 81"
dda042b4-efbf-409e-ad50-98d84294c188	2024-11-24 15:27:30	"2024-11-24 15:27:30"	"test message 82"
ecb73c96-354e-4b15-8532-0369fa6f75c1	2024-11-24 15:27:40	"2024-11-24 15:27:36"	"test message 85"
2e58d87b-d515-4651-a5c8-d760bac76fa6	2024-11-24 15:27:40	"2024-11-24 15:27:38"	"test message 86"
e40cf0a2-d53c-4266-8b90-fcc2929cee64	2024-11-24 15:27:40	"2024-11-24 15:27:40"	"test message 87"
5b703e26-a853-4b0e-ba72-8cd38377ec5c	2024-11-24 15:27:45	"2024-11-24 15:27:42"	"test message 88"
dfd43506-4042-475a-82c8-f03d72b63fc5	2024-11-24 15:27:45	"2024-11-24 15:27:44"	"test message 89"
41989662-4d6b-4ebf-841c-5e63d57f1376	2024-11-24 15:27:50	"2024-11-24 15:27:46"	"test message 90"
b397cb7d-df9b-43c2-8067-6f791277171d	2024-11-24 15:27:50	"2024-11-24 15:27:48"	"test message 91"
dc463739-24cf-4dac-b2ea-28553a33f667	2024-11-24 15:28:00	"2024-11-24 15:27:56"	"test message 95"
7a8d6340-a0ee-4ade-8701-65c3f63ec628	2024-11-24 15:28:00	"2024-11-24 15:27:58"	"test message 96"
44c70f27-a5ff-4a73-bb53-e7e444aa1528	2024-11-24 15:28:05	"2024-11-24 15:28:00"	"test message 97"
733ac492-4223-4be9-82d5-a3074231dce8	2024-11-24 15:28:05	"2024-11-24 15:28:02"	"test message 98"
49e6bcea-516a-454d-877b-3dd3d80cb270	2024-11-24 15:28:05	"2024-11-24 15:28:05"	"test message 99"
f8a12c1f-364f-4da1-b588-05f72f429e04	2024-11-24 15:28:10	"2024-11-24 15:28:07"	"test message 100"
1713f0f7-2fbb-4d22-8d47-27c3f82979d4	2024-11-24 15:28:10	"2024-11-24 15:28:09"	"test message 101"
d652a522-64a0-461c-9169-a37908df9af5	2024-11-24 15:28:15	"2024-11-24 15:28:11"	"test message 102"
6b78e85d-2093-4a4a-9eba-420a23e6239b	2024-11-24 15:28:15	"2024-11-24 15:28:13"	"test message 103"
e7be3237-3d09-4fa1-a8e2-085b68995815	2024-11-24 15:28:15	"2024-11-24 15:28:15"	"test message 104"
98ed1f79-7b23-4d29-95a9-a59ca7a75495	2024-11-24 15:28:20	"2024-11-24 15:28:17"	"test message 105"
e23d6c56-9aad-45ae-889b-00164478c537	2024-11-24 15:28:20	"2024-11-24 15:28:19"	"test message 106"
bdd5981f-47ad-4530-84b1-cef0ec68abca	2024-11-24 15:28:25	"2024-11-24 15:28:21"	"test message 107"
e64c8d8d-18c3-4b96-bf21-148e6b7d14ff	2024-11-24 15:28:25	"2024-11-24 15:28:23"	"test message 108"
6c60680a-a3e8-4a85-ad13-98a554afa9fd	2024-11-24 15:28:25	"2024-11-24 15:28:25"	"test message 109"
c141e755-272d-47ac-ac0e-d2a4f28ccd9d	2024-11-24 15:28:30	"2024-11-24 15:28:27"	"test message 110"
69c5eea4-2291-44e0-b1de-b9befc52492b	2024-11-24 15:28:30	"2024-11-24 15:28:29"	"test message 111"
42b261d0-a896-4ded-acf0-ad99bc4266f0	2024-11-24 15:28:35	"2024-11-24 15:28:31"	"test message 112"
ca954012-1c14-4098-b865-753d289288f0	2024-11-24 15:28:35	"2024-11-24 15:28:33"	"test message 113"
a2196a20-4a6b-4b46-8ea8-5d80546a75a2	2024-11-24 15:28:40	"2024-11-24 15:28:35"	"test message 114"
7e13d481-9de2-4183-8885-60324186703a	2024-11-24 15:28:40	"2024-11-24 15:28:37"	"test message 115"
a736e63c-0374-4231-bcba-24b467df080b	2024-11-24 15:28:40	"2024-11-24 15:28:39"	"test message 116"
a059199e-a270-435c-862f-1a81409f95e1	2024-11-24 15:28:50	"2024-11-24 15:28:45"	"test message 119"
162924c6-8eda-4b2d-acac-3ed5382605c0	2024-11-24 15:28:50	"2024-11-24 15:28:47"	"test message 120"
75cfe4f8-3ba7-4403-884a-b8194e559ee7	2024-11-24 15:28:50	"2024-11-24 15:28:50"	"test message 121"
51470014-589d-4438-9f96-1cb38ede0b72	2024-11-24 15:28:56	"2024-11-24 15:28:52"	"test message 122"
2e751eac-9adb-47ba-bb89-3cce143288c7	2024-11-24 15:28:56	"2024-11-24 15:28:54"	"test message 123"
b943b6e4-bfc5-4794-aad8-6eee85d13d13	2024-11-24 15:29:01	"2024-11-24 15:28:56"	"test message 124"
cdde5fde-cd63-43ce-8e45-e902cfd7731b	2024-11-24 15:29:01	"2024-11-24 15:28:58"	"test message 125"
a2481738-fd1b-4064-a676-897455767432	2024-11-24 15:29:01	"2024-11-24 15:29:00"	"test message 126"
646322e4-0433-4de1-a647-f1923f499bfa	2024-11-24 15:29:06	"2024-11-24 15:29:02"	"test message 127"
7b897e38-a592-49ab-85da-904fd0aa447b	2024-11-24 15:29:06	"2024-11-24 15:29:04"	"test message 128"
8337b8d2-caa6-43bc-a57a-8d0b542802d0	2024-11-24 15:29:11	"2024-11-24 15:29:06"	"test message 129"
1494eb1e-8cd3-4f74-8d1d-934f793f373d	2024-11-24 15:29:11	"2024-11-24 15:29:08"	"test message 130"
ceca8a19-d056-4bf8-8c99-cb4888ec2cab	2024-11-24 15:29:11	"2024-11-24 15:29:10"	"test message 131"
d820a427-ce42-442c-ad6a-d33bb0df7b66	2024-11-24 15:29:21	"2024-11-24 15:29:16"	"test message 134"
5c077c05-e55f-487c-af86-e23bd465a81f	2024-11-24 15:29:21	"2024-11-24 15:29:18"	"test message 135"
be7f3f16-f8b9-4dcc-a7d0-38ae9ef1790a	2024-11-24 15:29:21	"2024-11-24 15:29:20"	"test message 136"
6b426869-e79a-4f03-904a-f694005e00c9	2024-11-24 15:29:31	"2024-11-24 15:29:26"	"test message 139"
48978276-9b97-439f-a11a-3dc2b2f2d291	2024-11-24 15:29:31	"2024-11-24 15:29:28"	"test message 140"
48aa11aa-464a-4815-be17-b1e8f825e0ac	2024-11-24 15:29:31	"2024-11-24 15:29:30"	"test message 141"
1d3056e2-ad2a-488d-be96-6ab6ef321439	2024-11-24 15:29:36	"2024-11-24 15:29:33"	"test message 142"
9bcc9ae0-509e-4d01-a95b-e4ffb92d7f25	2024-11-24 15:29:36	"2024-11-24 15:29:35"	"test message 143"
d267fe53-fd62-4ba2-adef-b7522e3adc06	2024-11-24 15:29:46	"2024-11-24 15:29:43"	"test message 147"
115505f7-254e-4ee3-94e6-6dad8ed81441	2024-11-24 15:29:46	"2024-11-24 15:29:45"	"test message 148"
dfb3246c-3020-475d-baac-f2101e9d18c2	2024-11-24 15:29:56	"2024-11-24 15:29:53"	"test message 152"
0b216640-9be9-48f1-8b3d-12bb414df03c	2024-11-24 15:29:56	"2024-11-24 15:29:55"	"test message 153"
bb7ed5cb-fbcd-40c9-8650-1f4b9ad03194	2024-11-24 15:30:01	"2024-11-24 15:29:57"	"test message 154"
ed858488-2267-4d87-a98f-b1de548cecd8	2024-11-24 15:30:01	"2024-11-24 15:29:59"	"test message 155"
af2adfff-0881-4661-b482-53773dcf31bd	2024-11-24 15:30:01	"2024-11-24 15:30:01"	"test message 156"
253c266b-2d64-4b93-a4b9-1304a7ba7835	2024-11-24 15:30:06	"2024-11-24 15:30:03"	"test message 157"
2928ce9d-901a-44c9-806e-1ce419b69182	2024-11-24 15:30:06	"2024-11-24 15:30:05"	"test message 158"
5aa4cbd4-2772-486b-8158-afafe50a65fd	2024-11-24 15:30:11	"2024-11-24 15:30:07"	"test message 159"
4c615e51-bab9-42f9-8a05-ea5d0082aaac	2024-11-24 15:30:11	"2024-11-24 15:30:09"	"test message 160"
fa608ce4-fbf6-4253-a9c9-a329b8735cc1	2024-11-24 15:30:11	"2024-11-24 15:30:11"	"test message 161"
23bff20a-2eb7-4c8c-a85e-1d6697ddb2ac	2024-11-24 15:30:17	"2024-11-24 15:30:13"	"test message 162"
9b1f41f2-b78e-4228-8511-db8fb7f84e58	2024-11-24 15:30:17	"2024-11-24 15:30:15"	"test message 163"
58348ab7-1041-4875-9355-6c4e4449289f	2024-11-24 15:30:32	"2024-11-24 15:30:27"	"test message 169"
1d6ff940-b195-4119-bb19-df2b22397310	2024-11-24 15:30:32	"2024-11-24 15:30:29"	"test message 170"
3e93405b-f53c-496c-997d-958558cbcd8c	2024-11-24 15:30:37	"2024-11-24 15:30:32"	"test message 171"
f3ff2a87-43e8-430b-b74e-b5d087432921	2024-11-24 15:30:37	"2024-11-24 15:30:34"	"test message 172"
0970116a-5c35-4cc0-910b-1e8ec79ccd28	2024-11-24 15:30:37	"2024-11-24 15:30:36"	"test message 173"
a31a35f5-3cc1-4c57-8257-49ee53270916	2024-11-24 15:30:42	"2024-11-24 15:30:38"	"test message 174"
40a53d22-8076-4b19-92ab-a4a405386077	2024-11-24 15:30:42	"2024-11-24 15:30:40"	"test message 175"
7c31b163-e979-46ee-8005-0608de773843	2024-11-24 15:31:32	"2024-11-24 15:31:28"	"test message 199"
2c4a82e6-9d30-49be-80ef-b6f65b21f6b8	2024-11-24 15:31:32	"2024-11-24 15:31:31"	"test message 200"
