20fe2269-15a3-4237-8537-3de6cd2184aa	2024-11-24 16:27:35	"2024-11-24 16:27:30"	"test message 0"
d450331a-b85f-45ff-9b78-311a793a0a3f	2024-11-24 16:27:35	"2024-11-24 16:27:32"	"test message 1"
5663025c-466c-4f0f-93c7-2fcb7b2417da	2024-11-24 16:27:35	"2024-11-24 16:27:34"	"test message 2"
fe85d983-b4f3-4568-98f1-57159c297047	2024-11-24 16:27:40	"2024-11-24 16:27:36"	"test message 3"
d5b7b28b-2624-469c-96c7-4cc6f9da3d31	2024-11-24 16:27:40	"2024-11-24 16:27:38"	"test message 4"
8d736a3a-df55-4e7d-931d-42f0652607f5	2024-11-24 16:27:45	"2024-11-24 16:27:40"	"test message 5"
cce7bcaf-8493-4413-bcea-27deb8e1b65c	2024-11-24 16:27:45	"2024-11-24 16:27:42"	"test message 6"
766f00c0-ab44-4ae5-bd89-a12f0e1f0f28	2024-11-24 16:27:45	"2024-11-24 16:27:45"	"test message 7"
9e00745c-d895-4b46-a37f-98c400b969ef	2024-11-24 16:27:50	"2024-11-24 16:27:47"	"test message 8"
cc2337e0-6bd5-4bdd-a289-18310526499a	2024-11-24 16:27:50	"2024-11-24 16:27:49"	"test message 9"
dadc167f-76ee-43ab-b262-5b12c3b2aead	2024-11-24 16:28:01	"2024-11-24 16:27:57"	"test message 13"
9a8ff63f-1d3d-4a89-8dcb-623ecb631189	2024-11-24 16:28:01	"2024-11-24 16:27:59"	"test message 14"
b8a54d48-48d7-4020-bd01-8f3466e5ab01	2024-11-24 16:28:11	"2024-11-24 16:28:07"	"test message 18"
43963646-0007-4b4a-bfdd-2dc4a6b51a7a	2024-11-24 16:28:11	"2024-11-24 16:28:09"	"test message 19"
181a84a0-fa92-4723-baa6-44f76e8ab85c	2024-11-24 16:28:21	"2024-11-24 16:28:17"	"test message 23"
d159f9ce-0fc4-46a6-afab-e0a5b3562115	2024-11-24 16:28:21	"2024-11-24 16:28:19"	"test message 24"
ffae8e9c-ef7a-424b-bfb7-a4d72449319f	2024-11-24 16:28:26	"2024-11-24 16:28:21"	"test message 25"
96255a03-2408-439d-95c9-086f996e58d7	2024-11-24 16:28:26	"2024-11-24 16:28:23"	"test message 26"
efabd5f1-8fe7-42ff-82a5-a94fe4f6c5a8	2024-11-24 16:28:26	"2024-11-24 16:28:25"	"test message 27"
842927e2-6d20-4383-9bad-2cab7ee10fff	2024-11-24 16:28:32	"2024-11-24 16:28:28"	"test message 28"
7cafbcd8-6966-441e-90df-ec0b3517094b	2024-11-24 16:28:32	"2024-11-24 16:28:30"	"test message 29"
4e2e737c-87b0-4e1b-aa96-8d06394229be	2024-11-24 16:28:42	"2024-11-24 16:28:38"	"test message 33"
3a80f31a-b563-47bf-bae3-fe6253a7abdd	2024-11-24 16:28:42	"2024-11-24 16:28:40"	"test message 34"
572d65ca-ee2d-49a3-a37d-c1771d3c46ae	2024-11-24 16:28:57	"2024-11-24 16:28:52"	"test message 40"
9a1ca1cf-cdaf-46e4-9368-03edbb4f6a62	2024-11-24 16:28:57	"2024-11-24 16:28:54"	"test message 41"
d4b0b45d-ad1e-4bc2-a052-c969ab436eba	2024-11-24 16:28:57	"2024-11-24 16:28:56"	"test message 42"
d5bb0621-1d35-4a4e-9945-e11bc691f886	2024-11-24 16:29:02	"2024-11-24 16:28:58"	"test message 43"
b33cbd66-8cd3-4c33-88ef-25ba7e1af867	2024-11-24 16:29:02	"2024-11-24 16:29:00"	"test message 44"
5b125116-20f0-43cd-ae0e-36ce77c85762	2024-11-24 16:29:17	"2024-11-24 16:29:12"	"test message 50"
13184b37-8e28-49fe-9fbb-1c52174c79da	2024-11-24 16:29:17	"2024-11-24 16:29:15"	"test message 51"
fd3b746d-d782-4f2a-b266-3e44a1ba8b29	2024-11-24 16:29:17	"2024-11-24 16:29:17"	"test message 52"
8af00762-21d2-4fdc-9031-ad86fa8ecb3a	2024-11-24 16:29:22	"2024-11-24 16:29:19"	"test message 53"
abb518fb-4497-42e3-9292-4ee3c7094613	2024-11-24 16:29:22	"2024-11-24 16:29:21"	"test message 54"
ae55519c-741a-42bd-98ff-29e005bba276	2024-11-24 16:29:33	"2024-11-24 16:29:29"	"test message 58"
bb79b11e-4d00-4671-b2ff-6a7c014470c5	2024-11-24 16:29:33	"2024-11-24 16:29:31"	"test message 59"
14535a25-1837-4793-9cbe-4340db14dc84	2024-11-24 16:29:38	"2024-11-24 16:29:33"	"test message 60"
d58545a2-64c4-4f45-86c8-4503f805eda1	2024-11-24 16:29:38	"2024-11-24 16:29:35"	"test message 61"
9dd1a00c-44a4-48be-b39d-6484762d83e0	2024-11-24 16:29:38	"2024-11-24 16:29:37"	"test message 62"
9972bb41-2ffb-4e0c-9e0a-acbee3075eaa	2024-11-24 16:29:48	"2024-11-24 16:29:43"	"test message 65"
63592933-a870-42f9-ac60-4f82742397b9	2024-11-24 16:29:48	"2024-11-24 16:29:45"	"test message 66"
86723ebd-ea62-4a7d-b9ad-4ff2648e51f6	2024-11-24 16:29:48	"2024-11-24 16:29:47"	"test message 67"
b2a143ab-99f4-4519-aa01-26f4518630fb	2024-11-24 16:29:53	"2024-11-24 16:29:49"	"test message 68"
a7647dbe-0fa4-4231-a425-f1e69cf15c5c	2024-11-24 16:29:53	"2024-11-24 16:29:51"	"test message 69"
20b811b5-5900-42ce-bd99-0a307f1274db	2024-11-24 16:29:58	"2024-11-24 16:29:53"	"test message 70"
3cab21ec-f086-4081-a165-4137a6876236	2024-11-24 16:29:58	"2024-11-24 16:29:55"	"test message 71"
6f4de97d-d11f-4df7-889f-da59ed6da588	2024-11-24 16:29:58	"2024-11-24 16:29:57"	"test message 72"
a9f8c372-917b-458f-a5a1-3018f69c1f92	2024-11-24 16:30:03	"2024-11-24 16:29:59"	"test message 73"
0d46eeb5-9606-4274-8c4b-65a80cf3d3ba	2024-11-24 16:30:03	"2024-11-24 16:30:02"	"test message 74"
d88d6adf-469c-40a9-b547-07c00764f8cf	2024-11-24 16:30:08	"2024-11-24 16:30:04"	"test message 75"
b0b97f00-42fd-468e-8cf9-2c1c9de636e3	2024-11-24 16:30:08	"2024-11-24 16:30:06"	"test message 76"
fd620ef1-afb3-47e9-b1fc-8b0f3bf46b0b	2024-11-24 16:30:08	"2024-11-24 16:30:08"	"test message 77"
4ea0debc-11eb-431f-ae1a-c6f72d7f3100	2024-11-24 16:30:13	"2024-11-24 16:30:10"	"test message 78"
14f8100e-e07b-4ce6-8bce-77d638b56afc	2024-11-24 16:30:13	"2024-11-24 16:30:12"	"test message 79"
5a39c03c-db33-4b52-901f-41190a95ec8f	2024-11-24 16:30:34	"2024-11-24 16:30:30"	"test message 88"
7730c515-59f9-4e4e-be83-4dfdcdc27e2e	2024-11-24 16:30:34	"2024-11-24 16:30:32"	"test message 89"
f7738b5e-d795-4120-bbbf-2800a11e39e1	2024-11-24 16:30:39	"2024-11-24 16:30:34"	"test message 90"
e11003e4-c009-430d-8a01-01fbf812fcb6	2024-11-24 16:30:39	"2024-11-24 16:30:36"	"test message 91"
569192ad-c53c-4111-a31f-11a34ebb42bb	2024-11-24 16:30:49	"2024-11-24 16:30:45"	"test message 95"
9dfafc87-70d7-430c-ba9e-552dcaa0826d	2024-11-24 16:30:49	"2024-11-24 16:30:47"	"test message 96"
9403fc6f-cec7-4c02-a969-3571a156c10e	2024-11-24 16:30:54	"2024-11-24 16:30:49"	"test message 97"
56853416-5d8e-45e6-b59d-8f4e9df90c02	2024-11-24 16:30:54	"2024-11-24 16:30:51"	"test message 98"
1a11f504-a1b2-4ee3-9a9a-cf628f93ac3f	2024-11-24 16:30:54	"2024-11-24 16:30:53"	"test message 99"
90c90c4a-c208-4ae7-be92-d39475a49b7d	2024-11-24 16:30:59	"2024-11-24 16:30:55"	"test message 100"
f69cf679-388f-4553-acb3-57147079d89a	2024-11-24 16:30:59	"2024-11-24 16:30:57"	"test message 101"
d6d347b0-b789-42cb-9d17-4dbe65521172	2024-11-24 16:31:04	"2024-11-24 16:30:59"	"test message 102"
2cecb13d-aaeb-4000-b77a-b11c81be0bb2	2024-11-24 16:31:04	"2024-11-24 16:31:01"	"test message 103"
fe2bc00c-21d5-424a-ad63-a89466f057e6	2024-11-24 16:31:04	"2024-11-24 16:31:03"	"test message 104"
17edca77-6da4-4fa7-b9dc-6b7a01c45fec	2024-11-24 16:31:19	"2024-11-24 16:31:15"	"test message 110"
15079893-b978-4e76-aa5e-d5e20e99c7d1	2024-11-24 16:31:19	"2024-11-24 16:31:17"	"test message 111"
75116ee5-d6cc-4862-a646-c8d15271f726	2024-11-24 16:31:24	"2024-11-24 16:31:20"	"test message 112"
5c3a3ebf-13cc-4471-aab3-4400ae850122	2024-11-24 16:31:24	"2024-11-24 16:31:22"	"test message 113"
e8d19ef9-5aea-4dab-ab2a-5748e9f06145	2024-11-24 16:31:24	"2024-11-24 16:31:24"	"test message 114"
cccc1be7-a353-414a-9b2f-47ef731adde6	2024-11-24 16:31:29	"2024-11-24 16:31:26"	"test message 115"
d4b5f3d8-93d1-46a3-86e1-ce1face1da5f	2024-11-24 16:31:29	"2024-11-24 16:31:28"	"test message 116"
3b483b74-0383-487e-9ef8-9616fc60ca48	2024-11-24 16:31:34	"2024-11-24 16:31:30"	"test message 117"
2427ec8c-0ef6-4b67-bfa2-82d799d8d8e7	2024-11-24 16:31:34	"2024-11-24 16:31:32"	"test message 118"
8194d919-76e3-4463-92ff-e2505950b4f2	2024-11-24 16:31:34	"2024-11-24 16:31:34"	"test message 119"
106e023e-bf9d-4d34-9279-a398ca222a63	2024-11-24 16:31:39	"2024-11-24 16:31:36"	"test message 120"
f6159482-6fb4-455b-9871-c432ae08f857	2024-11-24 16:31:39	"2024-11-24 16:31:38"	"test message 121"
c1bd7d92-37e6-487b-b8cd-08fb98a61ac3	2024-11-24 16:31:54	"2024-11-24 16:31:50"	"test message 127"
ef784b22-51c2-46ae-b099-bd37263c9206	2024-11-24 16:31:54	"2024-11-24 16:31:52"	"test message 128"
