0	d01b0889-010f-446f-94f8-b2f9b10fda68	2024-11-24 19:52:53.697	test message 0
1	02349e59-23d2-4f5b-a428-007c73cea935	2024-11-24 19:52:55.744	test message 1
2	a35575bb-47af-4d40-a2fc-b1183c642b97	2024-11-24 19:52:57.790	test message 2
3	aeb4aee6-c3f4-48d8-a520-d5a4d32aa46a	2024-11-24 19:52:59.863	test message 3
4	14f4d372-cb18-4db5-856a-8c7dea347a0d	2024-11-24 19:53:01.993	test message 4
5	16205f44-46f7-4541-9ee9-e06daf21dcca	2024-11-24 19:53:04.040	test message 5
6	4e2bf886-1c97-4852-9ea2-c1d025e9fe53	2024-11-24 19:53:06.088	test message 6
7	a7d619b4-bcfa-43af-b4dd-6cfa7193850c	2024-11-24 19:53:08.136	test message 7
8	8f21dd1b-a459-4797-9ff6-9cd694117054	2024-11-24 19:53:10.195	test message 8
9	47b371e6-f249-4153-ae66-0f66143eadc8	2024-11-24 19:53:12.232	test message 9
10	7a942c23-eb6a-4226-a169-3730f6b50e26	2024-11-24 19:53:14.278	test message 10
11	9e165ae6-3cf1-4d7c-b345-e507ce4a81c9	2024-11-24 19:53:16.326	test message 11
12	b659f4b1-0db3-4bfb-ae5f-546818472f76	2024-11-24 19:53:18.419	test message 12
13	7bc2c603-6acb-4bd9-8248-34e607fdb78b	2024-11-24 19:53:20.506	test message 13
14	daa1e598-3dd6-49e2-b846-9091dabe6b89	2024-11-24 19:53:22.575	test message 14
15	0ac1b474-9604-4b7e-a437-741166f1261f	2024-11-24 19:53:24.622	test message 15
16	4689ec80-b8bb-46db-8ab9-fa40d95e9df2	2024-11-24 19:53:26.670	test message 16
17	c81f20eb-533a-4206-ade7-4edb2fbaace7	2024-11-24 19:53:28.718	test message 17
18	b42dcc94-7d50-4155-adaa-d5ecdfd009d2	2024-11-24 19:53:30.740	test message 18
19	d2397d40-15be-49cc-9b47-f37e8a869343	2024-11-24 19:53:32.815	test message 19
20	37b13a53-1e19-43fa-a053-632e6432b5f0	2024-11-24 19:53:34.876	test message 20
21	38118251-5c27-436a-9551-431ef7711a60	2024-11-24 19:53:36.950	test message 21
22	76e86c71-f3a6-4134-bfda-d90e12f865bf	2024-11-24 19:53:39.061	test message 22
23	22c10a17-498f-4f8d-a046-98be043a988e	2024-11-24 19:53:41.107	test message 23
24	9d52e287-81e1-4e5b-80f5-7b89a8f21744	2024-11-24 19:53:43.155	test message 24
25	62e5e2ce-0b36-49ac-ad24-85ab96a5e791	2024-11-24 19:53:45.204	test message 25
26	6fda608c-4cee-45cc-9819-9064bc490cf9	2024-11-24 19:53:47.251	test message 26
27	8fd80a36-9fc2-47b5-8463-be520e651d76	2024-11-24 19:53:49.300	test message 27
28	f9a625fc-75f9-4b5d-b465-de81588aaec7	2024-11-24 19:53:51.389	test message 28
29	8325440e-4d3b-4604-bb53-48fda8167dbe	2024-11-24 19:53:53.498	test message 29
30	18daf373-00c2-43cc-9eaa-97ce86dc3af7	2024-11-24 19:53:55.546	test message 30
31	b7476698-ad4f-4a6f-bc5f-fd92d4a5ce0c	2024-11-24 19:53:57.593	test message 31
32	c80883ab-6b2a-40dc-9aff-c3b4535fde05	2024-11-24 19:53:59.647	test message 32
33	9d8051ed-7bb4-4fb0-ae32-08bcdf38d34f	2024-11-24 19:54:01.692	test message 33
34	00ee9664-dcd3-4995-92ef-be4fbdbe9bf8	2024-11-24 19:54:03.723	test message 34
35	e9b754c9-9d21-4837-827b-5d684368ff30	2024-11-24 19:54:05.788	test message 35
36	bbacc824-ce3e-4755-8716-b90db436784b	2024-11-24 19:54:07.834	test message 36
37	ef04b7ce-a171-4f86-b221-360e4a73d55c	2024-11-24 19:54:09.900	test message 37
38	f33b47e8-a9a5-4e91-a9ec-604a1597a671	2024-11-24 19:54:11.933	test message 38
39	dfa8ceba-68d6-43f5-8228-0de6f79a1c6e	2024-11-24 19:54:14.002	test message 39
40	d96760e8-455d-47b8-8eeb-2fad52aeca7c	2024-11-24 19:54:16.133	test message 40
41	5f98d9e8-c287-4d27-8e55-3136dcd19672	2024-11-24 19:54:18.177	test message 41
42	0a5ef1b2-fbea-4538-998f-9da4b9f9ce5a	2024-11-24 19:54:20.227	test message 42
43	d6d81b81-931b-43af-a148-a460dff6f1cf	2024-11-24 19:54:22.276	test message 43
44	bee11ec2-3ee4-4146-82d7-fbbc853e101b	2024-11-24 19:54:24.341	test message 44
45	ddaa626a-b1e2-45b0-b234-d52b79f80c9b	2024-11-24 19:54:26.471	test message 45
46	ee11d3ee-87e6-49c4-b88f-e8a116c1db9e	2024-11-24 19:54:28.521	test message 46
47	df88d27f-0073-4167-b554-c4f5ca60a16b	2024-11-24 19:54:30.555	test message 47
48	a22dd252-49c1-49a5-ad78-69cc62091c09	2024-11-24 19:54:32.602	test message 48
49	9687bcf7-e5b8-4758-82bb-58f028405686	2024-11-24 19:54:34.671	test message 49
50	9ef84cba-2843-4cbb-bff3-0ef5c54d5700	2024-11-24 19:54:36.713	test message 50
51	8812f70e-a153-44b0-abec-5ce83043b6ed	2024-11-24 19:54:38.762	test message 51
52	e350fad5-fc1f-408a-aef6-9ec386ff74aa	2024-11-24 19:54:40.810	test message 52
53	1b3de809-658e-4bcb-b66c-b5f0e88a5150	2024-11-24 19:54:42.859	test message 53
54	1d75ac50-ab58-4ae6-b107-99eb22cc0757	2024-11-24 19:54:45.007	test message 54
55	af7ddf79-9e7c-44a0-8228-16735dc5356b	2024-11-24 19:54:47.055	test message 55
56	690de777-d64f-47a0-b87d-308a69316a0a	2024-11-24 19:54:49.093	test message 56
57	6d9030a9-a37c-4ace-af4b-2cdc07fa0920	2024-11-24 19:54:51.153	test message 57
58	722a4973-c4d9-4790-86e5-b9ecd69bbea1	2024-11-24 19:54:53.200	test message 58
59	e0e8d6f6-d55d-426a-bf35-b93abf3534dd	2024-11-24 19:54:55.248	test message 59
60	ebf80d82-8cb9-4764-b898-3de281a6fc49	2024-11-24 19:54:57.296	test message 60
61	e3d53ea8-d32d-432d-bba0-81fe5d3a8bad	2024-11-24 19:54:59.322	test message 61
62	8bddc50e-759e-4688-a280-8789ac556f5d	2024-11-24 19:55:01.344	test message 62
63	03f32b67-6891-4424-b449-0845250bef26	2024-11-24 19:55:03.444	test message 63
64	07a4f68a-505b-4e20-8b62-b40e50f42d34	2024-11-24 19:55:05.488	test message 64
65	afd87e53-2bf2-4346-9869-860fd5b7f0ff	2024-11-24 19:55:07.533	test message 65
66	ea6bffe6-3049-42ba-8094-48d75e7c0010	2024-11-24 19:55:09.557	test message 66
67	9df35a9b-b27d-4c42-8045-9fe5dd5b5edc	2024-11-24 19:55:11.631	test message 67
68	a4950b94-6dc2-4fc7-8dfc-b9684e967a28	2024-11-24 19:55:13.697	test message 68
69	c51d8c17-872a-464e-9afc-d3e2021c7f82	2024-11-24 19:55:15.731	test message 69
70	00407a57-855f-4b9d-be32-c8655628778d	2024-11-24 19:55:17.756	test message 70
71	ce0f005b-a303-4e85-9a11-dab048f1e8ef	2024-11-24 19:55:19.824	test message 71
72	74258080-7808-4fb8-a3ec-72a76146ed69	2024-11-24 19:55:21.892	test message 72
73	237ef232-8258-4363-89a2-e8ffb2af30a9	2024-11-24 19:55:23.920	test message 73
74	62d5f865-660b-4de9-866d-a3ef2fe0bd6d	2024-11-24 19:55:25.966	test message 74
75	44f87026-a445-4379-a1d1-505536d4ebfb	2024-11-24 19:55:28.014	test message 75
76	7242c26e-8703-45ec-a51d-1cae9e99e4a0	2024-11-24 19:55:30.065	test message 76
77	cd37fc95-12c2-461f-85bb-dc6fef60932f	2024-11-24 19:55:32.162	test message 77
78	7e687ca6-f1fc-43d4-aed6-5ab9b85e47ec	2024-11-24 19:55:34.185	test message 78
79	07711d87-3996-43e3-a3ec-a18daef9df7c	2024-11-24 19:55:36.311	test message 79
80	2c18a9c1-2166-4718-b665-c6745bc592ec	2024-11-24 19:55:38.357	test message 80
81	788451b1-7227-4705-bd3e-ea7869e992cc	2024-11-24 19:55:40.405	test message 81
82	32ae24ad-2bd2-4e41-a012-d3c505db11c1	2024-11-24 19:55:42.428	test message 82
83	20ef1067-2d99-496f-b8b7-462bce3be91a	2024-11-24 19:55:44.449	test message 83
84	cc38b289-707c-442a-bdca-3f4eb822a6e0	2024-11-24 19:55:46.471	test message 84
85	2e5b3506-22ed-4f27-a59c-b02dc6fa2466	2024-11-24 19:55:48.597	test message 85
86	ba32ba19-80f1-48d8-b453-3a02163f6d69	2024-11-24 19:55:50.620	test message 86
87	092351ff-2d6f-4567-aa1e-1971b77305fe	2024-11-24 19:55:52.695	test message 87
88	7e3fa2d7-a78b-4adf-af70-fcbda21c166d	2024-11-24 19:55:54.743	test message 88
89	2b24be66-b2e9-4cd2-bcca-d2161f763649	2024-11-24 19:55:56.791	test message 89
90	c4a9cf0b-0eae-4241-a15b-457be024d3e8	2024-11-24 19:55:58.853	test message 90
91	497efe80-a13a-44ae-a9de-809efd958a4e	2024-11-24 19:56:00.888	test message 91
92	dca00775-c50d-43de-b6b7-3696ed9da348	2024-11-24 19:56:02.917	test message 92
93	36b4d7df-0c23-45bc-a61b-f4e6f3b0f162	2024-11-24 19:56:04.998	test message 93
94	e08f5cae-7f12-45f0-ae84-df0e53e92241	2024-11-24 19:56:07.048	test message 94
95	4fee8e5a-fa51-4e5c-9fb2-91e021870ec9	2024-11-24 19:56:09.081	test message 95
96	07abe7fa-4fb1-4f06-ac52-442114af913a	2024-11-24 19:56:11.128	test message 96
97	22d49e5f-f228-4772-86ad-109d78269b71	2024-11-24 19:56:13.177	test message 97
98	9a853b6b-f9c5-4c8d-aa45-3713fa67938b	2024-11-24 19:56:15.224	test message 98
99	a7d7807a-d904-4604-9586-2479e481912f	2024-11-24 19:56:17.312	test message 99
100	084f4066-7ab0-4fbd-9163-19445db6e4dc	2024-11-24 19:56:19.438	test message 100
101	5d1daef8-1793-4607-989c-5c8377736358	2024-11-24 19:56:21.463	test message 101
102	3ec1a031-3924-44ce-beb8-47eaeb7e3b1b	2024-11-24 19:56:23.520	test message 102
103	bce73e06-f51a-44cb-a056-8f073ce20831	2024-11-24 19:56:25.570	test message 103
104	902d57c9-6dc8-4f39-ac7d-7bf54f203c5b	2024-11-24 19:56:27.592	test message 104
105	aaa979cd-8e6f-4476-93b8-f96b9cd5f51c	2024-11-24 19:56:29.614	test message 105
106	16d55408-7b79-47e1-845b-3c833b15aa7b	2024-11-24 19:56:31.715	test message 106
107	2a424573-9bba-46ce-938c-93a5b106a65c	2024-11-24 19:56:33.768	test message 107
108	8745ecb3-7dd4-40c7-93eb-998161b34a60	2024-11-24 19:56:35.824	test message 108
109	5c8255fb-0b70-47c7-9553-b8cc9445f2cf	2024-11-24 19:56:37.889	test message 109
110	78867433-5519-4a78-970b-0dda1771d46a	2024-11-24 19:56:39.911	test message 110
