e5be8675-b8eb-4e01-b7df-c2ee16f55c3a	2024-11-24 19:29:03.383	"2024-11-24 19:29:03"	"test message 0"
aa0e4b18-03f8-4eab-ad31-632e3699933d	2024-11-24 19:29:05.476	"2024-11-24 19:29:05"	"test message 1"
20f086aa-3aae-415a-9f1e-c29709fc6859	2024-11-24 19:29:07.509	"2024-11-24 19:29:07"	"test message 2"
eee8c50d-f226-4154-992c-158d131bf924	2024-11-24 19:29:09.571	"2024-11-24 19:29:09"	"test message 3"
62b69336-3dc6-446d-adf9-5855454f3eb9	2024-11-24 19:29:11.620	"2024-11-24 19:29:11"	"test message 4"
ce0d65d4-9202-4355-b6ab-678819cf02be	2024-11-24 19:29:13.673	"2024-11-24 19:29:13"	"test message 5"
17ff4471-9867-4d30-b083-b9046afa2a5e	2024-11-24 19:29:15.833	"2024-11-24 19:29:15"	"test message 6"
ebf22307-0e1f-44bb-ac0e-9f85b057ed41	2024-11-24 19:29:17.980	"2024-11-24 19:29:17"	"test message 7"
f0687c64-6bcc-4d39-b7f9-171d55b763a1	2024-11-24 19:29:20.018	"2024-11-24 19:29:19"	"test message 8"
78216639-584d-49cd-95e2-ed9283f5df4e	2024-11-24 19:29:22.078	"2024-11-24 19:29:22"	"test message 9"
ac8fd8d3-1716-4ccf-b618-f9be0e0e55aa	2024-11-24 19:29:24.214	"2024-11-24 19:29:24"	"test message 10"
3c053d75-9695-46a8-8eb7-21376007bc86	2024-11-24 19:29:26.264	"2024-11-24 19:29:26"	"test message 11"
a6f8944e-5d1a-418e-a364-f8fb6684d8ab	2024-11-24 19:29:28.472	"2024-11-24 19:29:28"	"test message 12"
36736d2a-3aaf-45a8-8317-04926c4340e0	2024-11-24 19:29:30.493	"2024-11-24 19:29:30"	"test message 13"
439ffaab-f979-4675-9b11-d7933af39734	2024-11-24 19:29:32.533	"2024-11-24 19:29:32"	"test message 14"
42476663-bf84-428b-91f6-0fb4277a9756	2024-11-24 19:29:34.663	"2024-11-24 19:29:34"	"test message 15"
81077c63-849b-4a58-a2cf-b733e9ca1202	2024-11-24 19:29:36.711	"2024-11-24 19:29:36"	"test message 16"
77f03a76-d51c-49f8-8b26-69454f6cf830	2024-11-24 19:29:38.757	"2024-11-24 19:29:38"	"test message 17"
af40ceff-cf18-4981-a205-10490070335d	2024-11-24 19:29:40.807	"2024-11-24 19:29:40"	"test message 18"
5097b195-5887-469f-ae62-f30328c644d1	2024-11-24 19:29:42.853	"2024-11-24 19:29:42"	"test message 19"
1ea1b439-eb2d-4881-95c2-ba3e6c742072	2024-11-24 19:29:44.902	"2024-11-24 19:29:44"	"test message 20"
edbc9401-a967-41dc-aab5-f56e23e4390b	2024-11-24 19:29:46.925	"2024-11-24 19:29:46"	"test message 21"
ef82fbc7-44b0-41c0-a6e1-25c789f67ff8	2024-11-24 19:29:48.998	"2024-11-24 19:29:48"	"test message 22"
b0dedfe3-a788-4539-b725-e55274753a88	2024-11-24 19:29:51.020	"2024-11-24 19:29:51"	"test message 23"
47f373ab-b7c2-463f-943e-59cb322cee62	2024-11-24 19:29:53.162	"2024-11-24 19:29:53"	"test message 24"
e2327957-8e98-4707-8c02-ab98fb85e00d	2024-11-24 19:29:55.236	"2024-11-24 19:29:55"	"test message 25"
e8f24707-1bf7-48c7-9ad8-d6a476a835aa	2024-11-24 19:29:57.293	"2024-11-24 19:29:57"	"test message 26"
3d9534e2-05cc-4c7e-ada4-d222f3711f41	2024-11-24 19:29:59.316	"2024-11-24 19:29:59"	"test message 27"
652b0f2d-e20b-4b7b-ba36-4211747ed3a9	2024-11-24 19:30:01.390	"2024-11-24 19:30:01"	"test message 28"
f2b07f16-ae23-4400-9ca8-70de8025ebd7	2024-11-24 19:30:03.437	"2024-11-24 19:30:03"	"test message 29"
16614ec7-de30-4b29-ad72-8dca9209ea4f	2024-11-24 19:30:05.485	"2024-11-24 19:30:05"	"test message 30"
f9b4aed9-2156-4cce-af0d-d1a30ce2b5da	2024-11-24 19:30:07.855	"2024-11-24 19:30:07"	"test message 31"
23e12b75-b9a9-4648-bf93-988b0556e5bb	2024-11-24 19:30:09.970	"2024-11-24 19:30:09"	"test message 32"
b591bf7d-cbbb-44b1-8658-738c123096fc	2024-11-24 19:30:12.057	"2024-11-24 19:30:12"	"test message 33"
4b879cdb-8499-4687-868c-0b86901f88ed	2024-11-24 19:30:14.120	"2024-11-24 19:30:14"	"test message 34"
67a26c67-972c-49a5-a7dd-d373df016722	2024-11-24 19:30:16.313	"2024-11-24 19:30:16"	"test message 35"
5b0e05b3-53bd-469c-ac2d-d2e111dda941	2024-11-24 19:30:18.333	"2024-11-24 19:30:18"	"test message 36"
18a51e2d-1877-4039-b371-29c0ced14502	2024-11-24 19:30:20.540	"2024-11-24 19:30:20"	"test message 37"
c0dc535b-473d-411f-9f20-cfb9fd9d0279	2024-11-24 19:30:22.562	"2024-11-24 19:30:22"	"test message 38"
4c17251e-e3f6-4c7c-983a-3446a00cbe92	2024-11-24 19:30:24.633	"2024-11-24 19:30:24"	"test message 39"
029b19a5-7b22-486c-b221-cba72b0a85d1	2024-11-24 19:30:26.659	"2024-11-24 19:30:26"	"test message 40"
519244ad-5cf7-4ab7-8beb-53368f716ff6	2024-11-24 19:30:28.730	"2024-11-24 19:30:28"	"test message 41"
823b9a4c-a332-48ba-8b22-d839421e8e10	2024-11-24 19:30:30.781	"2024-11-24 19:30:30"	"test message 42"
a5551629-b327-49a9-9eb8-0e38be216f2f	2024-11-24 19:30:32.835	"2024-11-24 19:30:32"	"test message 43"
87fa716f-6723-41e0-87fb-82b72597410d	2024-11-24 19:30:34.976	"2024-11-24 19:30:34"	"test message 44"
3bdb82d7-9a1e-4433-a747-2f2cddd4f709	2024-11-24 19:30:37.127	"2024-11-24 19:30:37"	"test message 45"
c25c7eb6-d70e-4aff-8449-f12b39458a9c	2024-11-24 19:30:39.147	"2024-11-24 19:30:39"	"test message 46"
607ddb02-c1b0-4053-aa0a-e2f562a6a1c5	2024-11-24 19:30:41.389	"2024-11-24 19:30:41"	"test message 47"
4b23381e-4667-4912-9e1f-ae1f372117bd	2024-11-24 19:30:43.410	"2024-11-24 19:30:43"	"test message 48"
e416762b-c8b6-4c18-90f5-952a76ffa060	2024-11-24 19:30:45.428	"2024-11-24 19:30:45"	"test message 49"
5a16e253-5bd0-4661-9da1-a6ef19caf198	2024-11-24 19:30:47.584	"2024-11-24 19:30:47"	"test message 50"
402e1638-b30c-4d51-909c-a47a3be059ce	2024-11-24 19:30:49.634	"2024-11-24 19:30:49"	"test message 51"
3eaa99f2-0e8d-43e3-9077-b5765748e36e	2024-11-24 19:30:51.722	"2024-11-24 19:30:51"	"test message 52"
a2b68cff-f354-4fc6-8abe-d376b821f30d	2024-11-24 19:30:53.863	"2024-11-24 19:30:53"	"test message 53"
d9e34c89-d76e-4873-9268-418c0dfbd2c5	2024-11-24 19:30:55.974	"2024-11-24 19:30:55"	"test message 54"
4fb9792d-0d73-4d49-bfed-38a965e2e63f	2024-11-24 19:30:58.049	"2024-11-24 19:30:58"	"test message 55"
097e5bce-4a08-4d93-9843-d1f110284326	2024-11-24 19:31:00.097	"2024-11-24 19:31:00"	"test message 56"
52d74854-9dc5-4486-a3f5-e6081c0ff224	2024-11-24 19:31:02.215	"2024-11-24 19:31:02"	"test message 57"
ae913129-0ce2-467f-8354-05b3dc021912	2024-11-24 19:31:04.366	"2024-11-24 19:31:04"	"test message 58"
960e4a43-f8b3-4700-b7f2-9a9e430ad72d	2024-11-24 19:31:06.390	"2024-11-24 19:31:06"	"test message 59"
dec91d01-f125-45c6-865d-1b53175aabcb	2024-11-24 19:31:08.683	"2024-11-24 19:31:08"	"test message 60"
