0	1a0adde8-a2fe-41f3-a416-7ed8d928e21e	2024-11-24 16:07:59	test message 0
1	ccd2f4cf-9be2-4151-b12c-2d8d62a5a317	2024-11-24 16:08:01	test message 1
2	986e4bb6-6697-43d8-861d-7d8ba66cae0b	2024-11-24 16:08:03	test message 2
3	b3797f32-4e3b-4989-b23c-b68394dc6c97	2024-11-24 16:08:05	test message 3
4	8f62464d-9384-4c0a-a576-4298484d51d2	2024-11-24 16:08:07	test message 4
5	0a16b7bf-6c53-4771-9dd9-d8eb1e8932ef	2024-11-24 16:08:09	test message 5
6	9124e393-e8b1-44f6-99ac-74e4e3342bbf	2024-11-24 16:08:11	test message 6
7	a8c166b8-3650-417f-8808-a85a3c7909d5	2024-11-24 16:08:13	test message 7
8	701d7a9f-05ee-428b-8286-95b67a682747	2024-11-24 16:08:15	test message 8
9	11c153c0-2322-4e52-89e2-dcc6a19965ef	2024-11-24 16:08:17	test message 9
10	386d66fd-08c1-46e0-b5a8-d0165714b8b4	2024-11-24 16:08:19	test message 10
11	5aa0034d-6390-4342-89e4-af4146cf14ed	2024-11-24 16:08:21	test message 11
12	a631b4d9-0442-4349-a006-2539641441ab	2024-11-24 16:08:23	test message 12
13	3f08e196-3501-43eb-813b-bc3946c9fad4	2024-11-24 16:08:25	test message 13
14	108d1373-223c-4f23-adad-dc72f3c13457	2024-11-24 16:08:27	test message 14
15	43e4a1af-78be-4772-b9a3-45823183be78	2024-11-24 16:08:29	test message 15
16	562585eb-21f8-4c90-bdeb-a4ee9c2b551d	2024-11-24 16:08:31	test message 16
17	0fbcfcf1-a626-4edc-ae9d-b80bb26263a6	2024-11-24 16:08:33	test message 17
18	790f829f-768c-4575-848d-e6f3c091d710	2024-11-24 16:08:36	test message 18
19	8bbf1adf-f541-43b7-8c6d-47be25d3652d	2024-11-24 16:08:38	test message 19
20	9fe41053-7ed2-457d-800e-92310cb2debb	2024-11-24 16:08:40	test message 20
21	44244f84-904d-4f94-8425-7cfbd8b854ae	2024-11-24 16:08:42	test message 21
22	ea20a841-34fc-4cdf-9c4c-43a97fb318b7	2024-11-24 16:08:44	test message 22
23	8a5c3acd-6e40-4348-ad6e-456efc24c452	2024-11-24 16:08:46	test message 23
24	654040fb-f4af-4209-8b94-42b43cda9afc	2024-11-24 16:08:48	test message 24
25	a44f20c0-e41b-417b-b772-39c1a386fbbc	2024-11-24 16:08:50	test message 25
26	b433b27e-54d9-4efb-9118-e3c6fb024615	2024-11-24 16:08:52	test message 26
27	6a138dc1-8d48-4529-873f-1fabd0505cdc	2024-11-24 16:08:54	test message 27
28	d2533925-b079-437b-8199-7ee85c95196a	2024-11-24 16:08:56	test message 28
29	7a0d7b18-3cf5-4662-819b-fca083a863f5	2024-11-24 16:08:58	test message 29
30	08925fb1-d7fe-4e30-bfbe-0dca60904153	2024-11-24 16:09:00	test message 30
31	0a0c1873-54c3-40ee-971b-6e7c4701b935	2024-11-24 16:09:02	test message 31
32	b4cce048-e23e-414e-9f3e-32be61b4b906	2024-11-24 16:09:04	test message 32
33	bfca35d1-7d11-4fc7-8075-97858eb9224b	2024-11-24 16:09:06	test message 33
34	be9d91ce-9aab-464f-811e-1e4c2d44acb4	2024-11-24 16:09:08	test message 34
35	6a0768f2-e2ea-4b7d-a844-559f812f1803	2024-11-24 16:09:10	test message 35
36	1f67159e-e93e-4ce5-87a8-1bb7f55144dd	2024-11-24 16:09:12	test message 36
37	572a05fa-e666-479c-836e-d5464c220ac5	2024-11-24 16:09:14	test message 37
38	9ddcff29-3f5a-4939-a771-f549d951aae3	2024-11-24 16:09:17	test message 38
39	f9b0a923-88f8-44b0-9934-5c6364a4c12a	2024-11-24 16:09:19	test message 39
40	8dc54922-62e1-4b2e-8cca-4b2c49e4779d	2024-11-24 16:09:21	test message 40
41	a9eb3438-438e-4ee8-9297-61add15704d7	2024-11-24 16:09:23	test message 41
42	bba1e5d9-1b35-4d82-a643-ffa77697cd19	2024-11-24 16:09:25	test message 42
43	c8bdfb0c-0897-4945-a5b3-f534b08e21f2	2024-11-24 16:09:27	test message 43
44	5c6cead1-c04c-453e-8038-898106488a77	2024-11-24 16:09:29	test message 44
45	38d0b7c4-ef73-44bd-979d-adeca208d3df	2024-11-24 16:09:31	test message 45
46	6020a5aa-1205-4615-9c1d-1c51a808b111	2024-11-24 16:09:33	test message 46
47	39b4edd6-4fee-478d-81f4-bcb6f3d05744	2024-11-24 16:09:35	test message 47
48	5627feef-4b46-44fa-8369-ed471a8309a0	2024-11-24 16:09:37	test message 48
49	8247bf84-6710-4d9f-9651-8ccadca76d41	2024-11-24 16:09:39	test message 49
50	2259c70d-d683-4014-a1f8-1cc8101f5339	2024-11-24 16:09:41	test message 50
51	0d2b20a5-8c88-49fb-9179-886d582a7954	2024-11-24 16:09:43	test message 51
52	c1ccd38e-5393-4f0b-bd3e-36061d837c70	2024-11-24 16:09:45	test message 52
53	02d846e2-9c53-44f1-870b-9822ca32534f	2024-11-24 16:09:47	test message 53
54	3d5d8de7-fa07-4483-a3e1-5b709455c83e	2024-11-24 16:09:49	test message 54
55	668b8a8e-0556-4def-88ef-822c3655b721	2024-11-24 16:09:51	test message 55
56	7d2b5489-2604-4dec-ba7c-45ac1ea30dac	2024-11-24 16:09:53	test message 56
57	44d6f3b3-5468-4d29-bbb5-140839ebe289	2024-11-24 16:09:55	test message 57
58	ac963c03-431b-42f6-a5c6-f55a57147b6c	2024-11-24 16:09:57	test message 58
59	12554eed-de82-4156-97ba-eec46790cf8c	2024-11-24 16:10:00	test message 59
60	cca6b3ba-76ef-422c-a6ec-c37502cba297	2024-11-24 16:10:02	test message 60
61	974e590a-0098-46b1-aa45-26922af50a3f	2024-11-24 16:10:04	test message 61
62	b96b51a4-ab82-4648-a762-f0bec05d3dec	2024-11-24 16:10:06	test message 62
63	2a7ef340-18ae-4846-b5eb-09560a9a126f	2024-11-24 16:10:08	test message 63
64	8014861c-1b65-4d9c-9e61-16dff8e41e71	2024-11-24 16:10:10	test message 64
65	7c3e70bc-95e1-46e5-95e1-6bf6cfaa1b7f	2024-11-24 16:10:12	test message 65
66	b58b39a8-ac09-49dd-a620-b1cf0d9b25f2	2024-11-24 16:10:14	test message 66
67	4b4f884d-8cc5-4cb9-ac84-1b3437327c7e	2024-11-24 16:10:16	test message 67
68	c64c3119-b409-4b2e-9ab0-947e8b1d3301	2024-11-24 16:10:18	test message 68
69	e5008515-7ecc-4fc4-922b-337908a78692	2024-11-24 16:10:20	test message 69
70	e997d6d4-c789-46e7-bd9d-5d46d40062df	2024-11-24 16:10:22	test message 70
71	757963fb-acbb-4fa4-969d-54913ff02387	2024-11-24 16:10:24	test message 71
72	11e8dbad-8262-48ed-b7ad-57f6fc272e86	2024-11-24 16:10:26	test message 72
73	13f3e01c-a17c-4ac1-a241-5e904f315995	2024-11-24 16:10:28	test message 73
74	e467cc7c-7a88-4c37-b39f-d8583e40e390	2024-11-24 16:10:30	test message 74
75	796913a7-3a9e-41af-bd9a-de1b895111e1	2024-11-24 16:10:32	test message 75
76	5a815075-9299-4cab-a324-bf4c53848a5f	2024-11-24 16:10:34	test message 76
77	b1c89192-7714-4810-93d8-412671cfd2d0	2024-11-24 16:10:36	test message 77
78	786fc811-97de-402c-88a4-de744cf563b2	2024-11-24 16:10:38	test message 78
79	e395325c-b594-45d9-8bf2-edb348c04d30	2024-11-24 16:10:40	test message 79
80	8a6d21b0-e94c-479e-956e-1bb49aab215d	2024-11-24 16:10:42	test message 80
