c86dc04f-0143-4391-a074-a5543057f75d	2024-11-24 16:16:39	"2024-11-24 16:16:34"	"test message 0"
c5d1f326-e926-458c-a2e3-2731821e4d49	2024-11-24 16:16:39	"2024-11-24 16:16:36"	"test message 1"
ea75db3a-ed63-4373-9f1b-dd7af35e1baa	2024-11-24 16:16:39	"2024-11-24 16:16:38"	"test message 2"
7a01f45c-379b-4ef5-8bc8-bfc134f58093	2024-11-24 16:16:44	"2024-11-24 16:16:40"	"test message 3"
7c95c036-9507-442a-b889-3ee088afec68	2024-11-24 16:16:44	"2024-11-24 16:16:42"	"test message 4"
5594e704-be16-4006-acf3-48ed57dce6f7	2024-11-24 16:16:49	"2024-11-24 16:16:44"	"test message 5"
03e37a4b-ad60-45f9-adf6-8b56a6fabf6f	2024-11-24 16:16:49	"2024-11-24 16:16:46"	"test message 6"
63412d8d-1476-4b12-857a-8410d2227cbe	2024-11-24 16:16:49	"2024-11-24 16:16:48"	"test message 7"
ec1c1ba9-764a-4370-a99a-ac23ec10d3d1	2024-11-24 16:16:54	"2024-11-24 16:16:51"	"test message 8"
0be0ae2d-ba31-4b15-b42b-8e4dc7a82195	2024-11-24 16:16:54	"2024-11-24 16:16:53"	"test message 9"
67e75fba-417c-4815-b689-3cc535378725	2024-11-24 16:17:05	"2024-11-24 16:17:01"	"test message 13"
1a33fb1b-9ab2-426b-98d3-660542564f0b	2024-11-24 16:17:05	"2024-11-24 16:17:03"	"test message 14"
c2b6225c-fc3a-4527-989a-60e7f6f55102	2024-11-24 16:17:20	"2024-11-24 16:17:15"	"test message 20"
cc0eba93-d0ba-442b-9030-7da9eefe0b55	2024-11-24 16:17:20	"2024-11-24 16:17:17"	"test message 21"
d9e356c3-f05f-4885-bb7f-0f7a8e755ef6	2024-11-24 16:17:20	"2024-11-24 16:17:19"	"test message 22"
6b8a9341-5d98-4d72-ace3-422c064113c7	2024-11-24 16:17:30	"2024-11-24 16:17:25"	"test message 25"
2151c886-6d26-4655-b964-042022c288bc	2024-11-24 16:17:30	"2024-11-24 16:17:27"	"test message 26"
40dbd571-749f-44fd-b6d4-f2a16c32dff0	2024-11-24 16:17:30	"2024-11-24 16:17:29"	"test message 27"
528a24fb-6821-49b4-ae19-fac5bb20465b	2024-11-24 16:17:35	"2024-11-24 16:17:31"	"test message 28"
abba5da8-afa4-465b-8e1e-7a07e314d939	2024-11-24 16:17:35	"2024-11-24 16:17:33"	"test message 29"
b9c80e78-6331-4e34-80a2-7e88123e8ec0	2024-11-24 16:17:50	"2024-11-24 16:17:45"	"test message 35"
1df090b1-aac7-4f2c-bf2f-7e0ea9281d89	2024-11-24 16:17:50	"2024-11-24 16:17:47"	"test message 36"
3d7075ee-86e1-436b-9d45-bbafefc72581	2024-11-24 16:17:50	"2024-11-24 16:17:49"	"test message 37"
2641e98c-ae32-4bc1-a228-d158fa9d2852	2024-11-24 16:17:55	"2024-11-24 16:17:51"	"test message 38"
4c2dc784-e70f-401e-979b-a3c748f3799e	2024-11-24 16:17:55	"2024-11-24 16:17:53"	"test message 39"
d344ebf9-793e-41ac-9139-93296ce8d835	2024-11-24 16:18:00	"2024-11-24 16:17:56"	"test message 40"
4b2ad30d-d4df-4327-8b39-59aef631086a	2024-11-24 16:18:00	"2024-11-24 16:17:58"	"test message 41"
dd867e86-ffba-4c79-b065-f3c418bca072	2024-11-24 16:18:00	"2024-11-24 16:18:00"	"test message 42"
9be45069-328c-4bf5-90be-95442284cffd	2024-11-24 16:18:05	"2024-11-24 16:18:02"	"test message 43"
e5b22d61-6e38-43fd-bd6e-c57af0176e16	2024-11-24 16:18:05	"2024-11-24 16:18:04"	"test message 44"
bfa934b2-9841-4e93-8116-b03529a2215c	2024-11-24 16:18:10	"2024-11-24 16:18:06"	"test message 45"
2922514d-a148-4e2c-aa7c-39042352bb55	2024-11-24 16:18:10	"2024-11-24 16:18:08"	"test message 46"
36c2dec9-1263-4e85-8754-5eef469b90ed	2024-11-24 16:18:10	"2024-11-24 16:18:10"	"test message 47"
9bfa0b2d-909c-412f-90af-2b975ecf5f66	2024-11-24 16:18:15	"2024-11-24 16:18:12"	"test message 48"
acd163be-f8e4-456d-8ea6-81b98af1d1a4	2024-11-24 16:18:15	"2024-11-24 16:18:14"	"test message 49"
16de06d3-03a2-40a0-bad4-46f88fe8a57a	2024-11-24 16:18:25	"2024-11-24 16:18:22"	"test message 53"
f2d46945-aead-412c-931f-50829ba924ca	2024-11-24 16:18:25	"2024-11-24 16:18:24"	"test message 54"
7e656ed7-c326-4e45-923a-9bbcae3788e5	2024-11-24 16:18:30	"2024-11-24 16:18:26"	"test message 55"
a495cb26-528b-488b-bcba-e496fb330816	2024-11-24 16:18:30	"2024-11-24 16:18:28"	"test message 56"
360fd361-26d1-4c4e-bb6d-d259d4f76d97	2024-11-24 16:18:35	"2024-11-24 16:18:30"	"test message 57"
215b9e17-50ec-485e-ba51-d727f1f197cc	2024-11-24 16:18:35	"2024-11-24 16:18:32"	"test message 58"
a9f0ec12-0223-4589-b441-4ef56309e6f7	2024-11-24 16:18:35	"2024-11-24 16:18:34"	"test message 59"
3660c246-6ba1-432a-b93d-21ea3e99b084	2024-11-24 16:18:40	"2024-11-24 16:18:36"	"test message 60"
dd16f889-2aad-43b5-a9ba-9496b80fdd16	2024-11-24 16:18:40	"2024-11-24 16:18:38"	"test message 61"
3ad01be9-e3a2-4630-aa18-cd70b5188949	2024-11-24 16:18:45	"2024-11-24 16:18:40"	"test message 62"
4b110f55-b06c-45e6-bd8e-91eeedec781c	2024-11-24 16:18:45	"2024-11-24 16:18:42"	"test message 63"
6360854b-531c-49e7-bc6c-860099da8831	2024-11-24 16:18:45	"2024-11-24 16:18:44"	"test message 64"
3f18d9a7-9df0-4680-b3dd-9b07e07ed9e3	2024-11-24 16:18:55	"2024-11-24 16:18:51"	"test message 67"
e6492ce4-4af9-4db2-b41a-aca1f2931b59	2024-11-24 16:18:55	"2024-11-24 16:18:53"	"test message 68"
f66a8ead-b04a-4c87-bb11-29506b21df43	2024-11-24 16:18:55	"2024-11-24 16:18:55"	"test message 69"
946b16f7-6e85-4f6f-be1c-1da3b8f6644e	2024-11-24 16:19:01	"2024-11-24 16:18:57"	"test message 70"
2b149948-1967-499a-aeef-bc230aebabbe	2024-11-24 16:19:01	"2024-11-24 16:18:59"	"test message 71"
072b29ba-1300-4e76-8551-abefac3f7511	2024-11-24 16:19:11	"2024-11-24 16:19:07"	"test message 75"
352faff5-7f03-4bb9-b748-0bc91fd23a1e	2024-11-24 16:19:11	"2024-11-24 16:19:09"	"test message 76"
2a52dbc3-2398-4001-a182-3d501e0dcb18	2024-11-24 16:19:16	"2024-11-24 16:19:11"	"test message 77"
9847557c-821e-4280-a89e-c8207169e0fd	2024-11-24 16:19:16	"2024-11-24 16:19:13"	"test message 78"
a1554271-2180-4051-aa34-ed39ca20a5d4	2024-11-24 16:19:16	"2024-11-24 16:19:16"	"test message 79"
cf1c8154-70e2-4aef-b1f5-90538cb93ec6	2024-11-24 16:19:21	"2024-11-24 16:19:18"	"test message 80"
d16ebc02-69a6-451f-8f80-6557176312b7	2024-11-24 16:19:21	"2024-11-24 16:19:20"	"test message 81"
22a4af0a-82f6-4682-87b1-d02798e16ac1	2024-11-24 16:19:26	"2024-11-24 16:19:22"	"test message 82"
ac150602-ba60-4751-b40e-17d513b0ead8	2024-11-24 16:19:26	"2024-11-24 16:19:24"	"test message 83"
10f392c1-8d9e-4014-8218-6644eef5f353	2024-11-24 16:19:26	"2024-11-24 16:19:26"	"test message 84"
8d18d153-08ab-461a-aa5e-a214d20a0da8	2024-11-24 16:19:31	"2024-11-24 16:19:28"	"test message 85"
d4cf0a9f-c65e-402c-ad28-fbe4dc85d587	2024-11-24 16:19:31	"2024-11-24 16:19:30"	"test message 86"
76f66bb8-a8c1-4dde-b2df-1e1e1ca28e46	2024-11-24 16:19:36	"2024-11-24 16:19:32"	"test message 87"
f7753b32-13ae-417f-a7b6-76f120bedefd	2024-11-24 16:19:36	"2024-11-24 16:19:34"	"test message 88"
2a7ac331-6897-4372-a574-74138dd66aaf	2024-11-24 16:19:36	"2024-11-24 16:19:36"	"test message 89"
550a0ebb-af3a-45b2-bba6-40d3a9844627	2024-11-24 16:19:41	"2024-11-24 16:19:38"	"test message 90"
9cec23b6-5635-49a2-a810-186114e47397	2024-11-24 16:19:41	"2024-11-24 16:19:40"	"test message 91"
e277aef3-d6e8-474a-b891-6e8baf8a8416	2024-11-24 16:19:46	"2024-11-24 16:19:42"	"test message 92"
7a1b2737-db7d-459d-8055-25345504e0fa	2024-11-24 16:19:46	"2024-11-24 16:19:44"	"test message 93"
46a4916c-b4d2-4c13-ba1e-f336e82db374	2024-11-24 16:19:51	"2024-11-24 16:19:46"	"test message 94"
ad8fd1aa-3416-44e9-8888-eed69dcb3ec1	2024-11-24 16:19:51	"2024-11-24 16:19:48"	"test message 95"
e83917d1-65bc-4a51-b741-6d35e970db6f	2024-11-24 16:19:51	"2024-11-24 16:19:50"	"test message 96"
d9e46a8b-a541-4a75-961f-4cfced1ca8c8	2024-11-24 16:19:56	"2024-11-24 16:19:52"	"test message 97"
7b2b38af-c05a-45a6-a5b2-de37426f8d05	2024-11-24 16:19:56	"2024-11-24 16:19:54"	"test message 98"
6f838c5b-eb0e-4cba-ad9e-6995146661a2	2024-11-24 16:20:02	"2024-11-24 16:19:56"	"test message 99"
a90f390e-1c7f-4169-95d0-8988e0515d8c	2024-11-24 16:20:02	"2024-11-24 16:19:58"	"test message 100"
245d6777-98af-49d9-8e2d-4ac05ffa83ed	2024-11-24 16:20:02	"2024-11-24 16:20:00"	"test message 101"
ff1bc8ac-65d4-49b1-97c0-4895f4e941a4	2024-11-24 16:20:07	"2024-11-24 16:20:03"	"test message 102"
6a38da37-a7ea-43cb-8739-1fdec3dca423	2024-11-24 16:20:07	"2024-11-24 16:20:05"	"test message 103"
0c3f3d8d-3eec-46df-8bdd-71f9ed347a7c	2024-11-24 16:20:17	"2024-11-24 16:20:13"	"test message 107"
005a9edb-ae0e-47a9-a7af-98d6dc57280c	2024-11-24 16:20:17	"2024-11-24 16:20:15"	"test message 108"
5f09fc56-11b3-431b-9796-e7b878e43892	2024-11-24 16:20:22	"2024-11-24 16:20:17"	"test message 109"
33c7a8c4-2103-4e4d-b3ee-d33435bc93b3	2024-11-24 16:20:22	"2024-11-24 16:20:19"	"test message 110"
